1,1101,北海道,札幌市 中央区,220189
1,1102,北海道,札幌市 北区,278781
1,1103,北海道,札幌市 東区,255873
1,1104,北海道,札幌市 白石区,204259
1,1105,北海道,札幌市 豊平区,212118
1,1106,北海道,札幌市 南区,146341
1,1107,北海道,札幌市 西区,211229
1,1108,北海道,札幌市 厚別区,128492
1,1109,北海道,札幌市 手稲区,139644
1,1110,北海道,札幌市 清田区,116619
1,1202,北海道,函館市,279127
1,1203,北海道,小樽市,131928
1,1204,北海道,旭川市,347095
1,1205,北海道,室蘭市,94535
1,1206,北海道,釧路市,181169
1,1207,北海道,帯広市,168057
1,1208,北海道,北見市,125689
1,1209,北海道,夕張市,10922
1,1210,北海道,岩見沢市,90145
1,1211,北海道,網走市,40998
1,1212,北海道,留萌市,24457
1,1213,北海道,苫小牧市,173320
1,1214,北海道,稚内市,39595
1,1215,北海道,美唄市,26034
1,1216,北海道,芦別市,16628
1,1217,北海道,江別市,123722
1,1218,北海道,赤平市,12637
1,1219,北海道,紋別市,24750
1,1220,北海道,士別市,21787
1,1221,北海道,名寄市,30591
1,1222,北海道,三笠市,10221
1,1223,北海道,根室市,29201
1,1224,北海道,千歳市,93604
1,1225,北海道,滝川市,43170
1,1226,北海道,砂川市,19056
1,1227,北海道,歌志内市,4387
1,1228,北海道,深川市,23709
1,1229,北海道,富良野市,24259
1,1230,北海道,登別市,51526
1,1231,北海道,恵庭市,69384
1,1233,北海道,伊達市,36278
1,1234,北海道,北広島市,60353
1,1235,北海道,石狩市,59449
1,1236,北海道,北斗市,48032
1,1303,北海道,当別町,18766
1,1304,北海道,新篠津村,3515
1,1331,北海道,松前町,8748
1,1332,北海道,福島町,5114
1,1333,北海道,知内町,5074
1,1334,北海道,木古内町,5341
1,1337,北海道,七飯町,28463
1,1343,北海道,鹿部町,4767
1,1345,北海道,森町,17859
1,1346,北海道,八雲町,18896
1,1347,北海道,長万部町,6386
1,1361,北海道,江差町,9004
1,1362,北海道,上ノ国町,5428
1,1363,北海道,厚沢部町,4409
1,1364,北海道,乙部町,4408
1,1367,北海道,奥尻町,3033
1,1370,北海道,今金町,6186
1,1371,北海道,せたな町,9590
1,1391,北海道,島牧村,1781
1,1392,北海道,寿都町,3443
1,1393,北海道,黒松内町,3250
1,1394,北海道,蘭越町,5292
1,1395,北海道,ニセコ町,4823
1,1396,北海道,真狩村,2189
1,1397,北海道,留寿都村,2034
1,1398,北海道,喜茂別町,2490
1,1399,北海道,京極町,3811
1,1400,北海道,倶知安町,15568
1,1401,北海道,共和町,6428
1,1402,北海道,岩内町,14451
1,1403,北海道,泊村,1883
1,1404,北海道,神恵内村,1122
1,1405,北海道,積丹町,2516
1,1406,北海道,古平町,3611
1,1407,北海道,仁木町,3800
1,1408,北海道,余市町,21258
1,1409,北海道,赤井川村,1262
1,1423,北海道,南幌町,8778
1,1424,北海道,奈井江町,6194
1,1425,北海道,上砂川町,4086
1,1427,北海道,由仁町,5896
1,1428,北海道,長沼町,11691
1,1429,北海道,栗山町,13340
1,1430,北海道,月形町,4859
1,1431,北海道,浦臼町,2206
1,1432,北海道,新十津川町,7249
1,1433,北海道,妹背牛町,3462
1,1434,北海道,秩父別町,2730
1,1436,北海道,雨竜町,3049
1,1437,北海道,北竜町,2193
1,1438,北海道,沼田町,3612
1,1452,北海道,鷹栖町,7345
1,1453,北海道,東神楽町,9292
1,1454,北海道,当麻町,7087
1,1455,北海道,比布町,4042
1,1456,北海道,愛別町,3328
1,1457,北海道,上川町,4532
1,1458,北海道,東川町,7859
1,1459,北海道,美瑛町,10956
1,1460,北海道,上富良野町,11545
1,1461,北海道,中富良野町,5477
1,1462,北海道,南富良野町,2814
1,1463,北海道,占冠村,1394
1,1464,北海道,和寒町,3832
1,1465,北海道,剣淵町,3565
1,1468,北海道,下川町,3775
1,1469,北海道,美深町,5178
1,1470,北海道,音威子府村,995
1,1471,北海道,中川町,1907
1,1472,北海道,幌加内町,1710
1,1481,北海道,増毛町,5078
1,1482,北海道,小平町,3717
1,1483,北海道,苫前町,3656
1,1484,北海道,羽幌町,7964
1,1485,北海道,初山別村,1369
1,1486,北海道,遠別町,3084
1,1487,北海道,天塩町,3780
1,1511,北海道,猿払村,2825
1,1512,北海道,浜頓別町,4168
1,1513,北海道,中頓別町,1974
1,1514,北海道,枝幸町,9125
1,1516,北海道,豊富町,4378
1,1517,北海道,礼文町,3078
1,1518,北海道,利尻町,2590
1,1519,北海道,利尻富士町,3037
1,1520,北海道,幌延町,2677
1,1543,北海道,美幌町,21575
1,1544,北海道,津別町,5646
1,1545,北海道,斜里町,13045
1,1546,北海道,清里町,4551
1,1547,北海道,小清水町,5358
1,1549,北海道,訓子府町,5435
1,1550,北海道,置戸町,3428
1,1552,北海道,佐呂間町,5892
1,1555,北海道,遠軽町,22265
1,1559,北海道,湧別町,10041
1,1560,北海道,滝上町,3028
1,1561,北海道,興部町,4301
1,1562,北海道,西興部村,1135
1,1563,北海道,雄武町,4939
1,1564,北海道,大空町,7933
1,1571,北海道,豊浦町,4528
1,1575,北海道,壮瞥町,3232
1,1578,北海道,白老町,19376
1,1581,北海道,厚真町,4890
1,1584,北海道,洞爺湖町,10132
1,1585,北海道,安平町,8726
1,1586,北海道,むかわ町,9746
1,1601,北海道,日高町,13615
1,1602,北海道,平取町,5596
1,1604,北海道,新冠町,5775
1,1607,北海道,浦河町,14389
1,1608,北海道,様似町,5114
1,1609,北海道,えりも町,5413
1,1610,北海道,新ひだか町,25419
1,1631,北海道,音更町,45085
1,1632,北海道,士幌町,6416
1,1633,北海道,上士幌町,5080
1,1634,北海道,鹿追町,5702
1,1635,北海道,新得町,6653
1,1636,北海道,清水町,9961
1,1637,北海道,芽室町,18905
1,1638,北海道,中札内村,4006
1,1639,北海道,更別村,3391
1,1641,北海道,大樹町,5977
1,1642,北海道,広尾町,7881
1,1643,北海道,幕別町,26547
1,1644,北海道,池田町,7527
1,1645,北海道,豊頃町,3394
1,1646,北海道,本別町,8275
1,1647,北海道,足寄町,7630
1,1648,北海道,陸別町,2650
1,1649,北海道,浦幌町,5460
1,1661,北海道,釧路町,20526
1,1662,北海道,厚岸町,10630
1,1663,北海道,浜中町,6511
1,1664,北海道,標茶町,8285
1,1665,北海道,弟子屈町,8278
1,1667,北海道,鶴居村,2627
1,1668,北海道,白糠町,9294
1,1691,北海道,別海町,15855
1,1692,北海道,中標津町,23982
1,1693,北海道,標津町,5646
1,1694,北海道,羅臼町,5885
2,2201,青森県,青森市,299520
2,2202,青森県,弘前市,183473
2,2203,青森県,八戸市,237615
2,2204,青森県,黒石市,36132
2,2205,青森県,五所川原市,58421
2,2206,青森県,十和田市,66110
2,2207,青森県,三沢市,41258
2,2208,青森県,むつ市,61066
2,2209,青森県,つがる市,37243
2,2210,青森県,平川市,33764
2,2301,青森県,平内町,12361
2,2303,青森県,今別町,3217
2,2304,青森県,蓬田村,3271
2,2307,青森県,外ヶ浜町,7089
2,2321,青森県,鰺ヶ沢町,11449
2,2323,青森県,深浦町,9691
2,2343,青森県,西目屋村,1594
2,2361,青森県,藤崎町,16021
2,2362,青森県,大鰐町,10978
2,2367,青森県,田舎館村,8153
2,2381,青森県,板柳町,15227
2,2384,青森県,鶴田町,14270
2,2387,青森県,中泊町,12743
2,2401,青森県,野辺地町,14314
2,2402,青森県,七戸町,16759
2,2405,青森県,六戸町,10241
2,2406,青森県,横浜町,4881
2,2408,青森県,東北町,19106
2,2411,青森県,六ヶ所村,11095
2,2412,青森県,おいらせ町,24211
2,2423,青森県,大間町,6340
2,2424,青森県,東通村,7252
2,2425,青森県,風間浦村,2463
2,2426,青森県,佐井村,2422
2,2441,青森県,三戸町,11299
2,2442,青森県,五戸町,18712
2,2443,青森県,田子町,6175
2,2445,青森県,南部町,19853
2,2446,青森県,階上町,14699
2,2450,青森県,新郷村,2851
3,3201,岩手県,盛岡市,298348
3,3202,岩手県,宮古市,59430
3,3203,岩手県,大船渡市,40737
3,3205,岩手県,花巻市,101438
3,3206,岩手県,北上市,93138
3,3207,岩手県,久慈市,36872
3,3208,岩手県,遠野市,29331
3,3209,岩手県,一関市,118578
3,3210,岩手県,陸前高田市,23300
3,3211,岩手県,釜石市,39574
3,3213,岩手県,二戸市,29702
3,3214,岩手県,八幡平市,28680
3,3215,岩手県,奥州市,124746
3,3301,岩手県,雫石町,18033
3,3302,岩手県,葛巻町,7304
3,3303,岩手県,岩手町,14984
3,3305,岩手県,滝沢村,53857
3,3321,岩手県,紫波町,33288
3,3322,岩手県,矢巾町,27205
3,3366,岩手県,西和賀町,6602
3,3381,岩手県,金ケ崎町,16325
3,3402,岩手県,平泉町,8345
3,3422,岩手県,藤沢町,9064
3,3441,岩手県,住田町,6190
3,3461,岩手県,大槌町,15276
3,3482,岩手県,山田町,18617
3,3483,岩手県,岩泉町,10804
3,3484,岩手県,田野畑村,3843
3,3485,岩手県,普代村,3088
3,3501,岩手県,軽米町,10209
3,3503,岩手県,野田村,4632
3,3506,岩手県,九戸村,6507
3,3507,岩手県,洋野町,17913
3,3524,岩手県,一戸町,14187
4,4101,宮城県,仙台市 青葉区,291436
4,4102,宮城県,仙台市 宮城野区,190473
4,4103,宮城県,仙台市 若林区,132306
4,4104,宮城県,仙台市 太白区,220588
4,4105,宮城県,仙台市 泉区,211183
4,4202,宮城県,石巻市,160826
4,4203,宮城県,塩竈市,56490
4,4205,宮城県,気仙沼市,73489
4,4206,宮城県,白石市,37422
4,4207,宮城県,名取市,73134
4,4208,宮城県,角田市,31336
4,4209,宮城県,多賀城市,63060
4,4211,宮城県,岩沼市,44187
4,4212,宮城県,登米市,83969
4,4213,宮城県,栗原市,74932
4,4214,宮城県,東松島市,42903
4,4215,宮城県,大崎市,135147
4,4301,宮城県,蔵王町,12882
4,4302,宮城県,七ヶ宿町,1694
4,4321,宮城県,大河原町,23530
4,4322,宮城県,村田町,11995
4,4323,宮城県,柴田町,39341
4,4324,宮城県,川崎町,9978
4,4341,宮城県,丸森町,15501
4,4361,宮城県,亘理町,34845
4,4362,宮城県,山元町,16704
4,4401,宮城県,松島町,15085
4,4404,宮城県,七ヶ浜町,20416
4,4406,宮城県,利府町,33994
4,4421,宮城県,大和町,24894
4,4422,宮城県,大郷町,8927
4,4423,宮城県,富谷町,47042
4,4424,宮城県,大衡村,5334
4,4444,宮城県,色麻町,7431
4,4445,宮城県,加美町,25527
4,4501,宮城県,涌谷町,17494
4,4505,宮城県,美里町,25190
4,4581,宮城県,女川町,10051
4,4606,宮城県,南三陸町,17429
5,5201,秋田県,秋田市,323600
5,5202,秋田県,能代市,59084
5,5203,秋田県,横手市,98367
5,5204,秋田県,大館市,78946
5,5206,秋田県,男鹿市,32294
5,5207,秋田県,湯沢市,50849
5,5209,秋田県,鹿角市,34473
5,5210,秋田県,由利本荘市,85229
5,5211,秋田県,潟上市,34442
5,5212,秋田県,大仙市,88301
5,5213,秋田県,北秋田市,36387
5,5214,秋田県,にかほ市,27544
5,5215,秋田県,仙北市,29568
5,5303,秋田県,小坂町,6054
5,5327,秋田県,上小阿仁村,2727
5,5346,秋田県,藤里町,3848
5,5348,秋田県,三種町,18876
5,5349,秋田県,八峰町,8220
5,5361,秋田県,五城目町,10516
5,5363,秋田県,八郎潟町,6623
5,5366,秋田県,井川町,5493
5,5368,秋田県,大潟村,3218
5,5434,秋田県,美郷町,21674
5,5463,秋田県,羽後町,16792
5,5464,秋田県,東成瀬村,2872
6,6201,山形県,山形市,254244
6,6202,山形県,米沢市,89401
6,6203,山形県,鶴岡市,136623
6,6204,山形県,酒田市,111151
6,6205,山形県,新庄市,38850
6,6206,山形県,寒河江市,42373
6,6207,山形県,上山市,33836
6,6208,山形県,村山市,26811
6,6209,山形県,長井市,29473
6,6210,山形県,天童市,62214
6,6211,山形県,東根市,46414
6,6212,山形県,尾花沢市,18955
6,6213,山形県,南陽市,33658
6,6301,山形県,山辺町,15139
6,6302,山形県,中山町,12015
6,6321,山形県,河北町,19959
6,6322,山形県,西川町,6270
6,6323,山形県,朝日町,7856
6,6324,山形県,大江町,9227
6,6341,山形県,大石田町,8160
6,6361,山形県,金山町,6365
6,6362,山形県,最上町,9847
6,6363,山形県,舟形町,6164
6,6364,山形県,真室川町,9165
6,6365,山形県,大蔵村,3762
6,6366,山形県,鮭川村,4862
6,6367,山形県,戸沢村,5304
6,6381,山形県,高畠町,25025
6,6382,山形県,川西町,17313
6,6401,山形県,小国町,8862
6,6402,山形県,白鷹町,15314
6,6403,山形県,飯豊町,7943
6,6426,山形県,三川町,7731
6,6428,山形県,庄内町,23158
6,6461,山形県,遊佐町,15480
7,7201,福島県,福島市,292590
7,7202,福島県,会津若松市,126220
7,7203,福島県,郡山市,338712
7,7204,福島県,いわき市,342249
7,7205,福島県,白河市,64704
7,7207,福島県,須賀川市,79267
7,7208,福島県,喜多方市,52356
7,7209,福島県,相馬市,37817
7,7210,福島県,二本松市,59871
7,7211,福島県,田村市,40422
7,7212,福島県,南相馬市,70878
7,7213,福島県,伊達市,66027
7,7214,福島県,本宮市,31489
7,7301,福島県,桑折町,12853
7,7303,福島県,国見町,10086
7,7308,福島県,川俣町,15569
7,7322,福島県,大玉村,8574
7,7342,福島県,鏡石町,12815
7,7344,福島県,天栄村,6291
7,7362,福島県,下郷町,6461
7,7364,福島県,檜枝岐村,636
7,7367,福島県,只見町,4932
7,7368,福島県,南会津町,17864
7,7402,福島県,北塩原村,3185
7,7405,福島県,西会津町,7366
7,7407,福島県,磐梯町,3761
7,7408,福島県,猪苗代町,15805
7,7421,福島県,会津坂下町,17360
7,7422,福島県,湯川村,3364
7,7423,福島県,柳津町,4009
7,7444,福島県,三島町,1926
7,7445,福島県,金山町,2462
7,7446,福島県,昭和村,1500
7,7447,福島県,会津美里町,22737
7,7461,福島県,西郷村,19767
7,7464,福島県,泉崎村,6802
7,7465,福島県,中島村,5154
7,7466,福島県,矢吹町,18407
7,7481,福島県,棚倉町,15062
7,7482,福島県,矢祭町,6348
7,7483,福島県,塙町,9884
7,7484,福島県,鮫川村,3989
7,7501,福島県,石川町,17775
7,7502,福島県,玉川村,7231
7,7503,福島県,平田村,6921
7,7504,福島県,浅川町,6888
7,7505,福島県,古殿町,6030
7,7521,福島県,三春町,18191
7,7522,福島県,小野町,11202
7,7541,福島県,広野町,5418
7,7542,福島県,楢葉町,7700
7,7543,福島県,富岡町,16001
7,7544,福島県,川内村,2820
7,7545,福島県,大熊町,11515
7,7546,福島県,双葉町,6932
7,7547,福島県,浪江町,20905
7,7548,福島県,葛尾村,1531
7,7561,福島県,新地町,8224
7,7564,福島県,飯舘村,6209
8,8201,茨城県,水戸市,268750
8,8202,茨城県,日立市,193129
8,8203,茨城県,土浦市,143839
8,8204,茨城県,古河市,142995
8,8205,茨城県,石岡市,79687
8,8207,茨城県,結城市,52494
8,8208,茨城県,龍ケ崎市,80334
8,8210,茨城県,下妻市,44987
8,8211,茨城県,常総市,65320
8,8212,茨城県,常陸太田市,56250
8,8214,茨城県,高萩市,31017
8,8215,茨城県,北茨城市,47026
8,8216,茨城県,笠間市,79409
8,8217,茨城県,取手市,109651
8,8219,茨城県,牛久市,81684
8,8220,茨城県,つくば市,214590
8,8221,茨城県,ひたちなか市,157060
8,8222,茨城県,鹿嶋市,66093
8,8223,茨城県,潮来市,30534
8,8224,茨城県,守谷市,62482
8,8225,茨城県,常陸大宮市,45178
8,8226,茨城県,那珂市,54240
8,8227,茨城県,筑西市,108527
8,8228,茨城県,坂東市,56114
8,8229,茨城県,稲敷市,46895
8,8230,茨城県,かすみがうら市,43553
8,8231,茨城県,桜川市,45673
8,8232,茨城県,神栖市,94795
8,8233,茨城県,行方市,37611
8,8234,茨城県,鉾田市,50156
8,8235,茨城県,つくばみらい市,44461
8,8236,茨城県,小美玉市,52279
8,8302,茨城県,茨城町,34513
8,8309,茨城県,大洗町,18328
8,8310,茨城県,城里町,21491
8,8341,茨城県,東海村,37438
8,8364,茨城県,大子町,20073
8,8442,茨城県,美浦村,17299
8,8443,茨城県,阿見町,47940
8,8447,茨城県,河内町,10172
8,8521,茨城県,八千代町,23106
8,8542,茨城県,五霞町,9410
8,8546,茨城県,境町,25714
8,8564,茨城県,利根町,17473
9,9201,栃木県,宇都宮市,511739
9,9202,栃木県,足利市,154530
9,9203,栃木県,栃木市,139262
9,9204,栃木県,佐野市,121249
9,9205,栃木県,鹿沼市,102348
9,9206,栃木県,日光市,90066
9,9208,栃木県,小山市,164454
9,9209,栃木県,真岡市,82289
9,9210,栃木県,大田原市,77729
9,9211,栃木県,矢板市,35343
9,9213,栃木県,那須塩原市,117812
9,9214,栃木県,さくら市,44768
9,9215,栃木県,那須烏山市,29206
9,9216,栃木県,下野市,59483
9,9301,栃木県,上三川町,31621
9,9321,栃木県,西方町,6521
9,9342,栃木県,益子町,24348
9,9343,栃木県,茂木町,15018
9,9344,栃木県,市貝町,12094
9,9345,栃木県,芳賀町,16030
9,9361,栃木県,壬生町,39605
9,9364,栃木県,野木町,25720
9,9367,栃木県,岩舟町,18241
9,9384,栃木県,塩谷町,12560
9,9386,栃木県,高根沢町,30436
9,9407,栃木県,那須町,26765
9,9411,栃木県,那珂川町,18446
10,10201,群馬県,前橋市,340291
10,10202,群馬県,高崎市,371302
10,10203,群馬県,桐生市,121704
10,10204,群馬県,伊勢崎市,207221
10,10205,群馬県,太田市,216465
10,10206,群馬県,沼田市,51265
10,10207,群馬県,館林市,78608
10,10208,群馬県,渋川市,83330
10,10209,群馬県,藤岡市,67975
10,10210,群馬県,富岡市,52070
10,10211,群馬県,安中市,61077
10,10212,群馬県,みどり市,51899
10,10344,群馬県,榛東村,14370
10,10345,群馬県,吉岡町,19801
10,10366,群馬県,上野村,1306
10,10367,群馬県,神流町,2352
10,10382,群馬県,下仁田町,8911
10,10383,群馬県,南牧村,2423
10,10384,群馬県,甘楽町,13618
10,10421,群馬県,中之条町,18216
10,10424,群馬県,長野原町,6017
10,10425,群馬県,嬬恋村,10183
10,10426,群馬県,草津町,7160
10,10428,群馬県,高山村,3911
10,10429,群馬県,東吾妻町,15622
10,10443,群馬県,片品村,4904
10,10444,群馬県,川場村,3898
10,10448,群馬県,昭和村,7620
10,10449,群馬県,みなかみ町,21345
10,10464,群馬県,玉村町,37536
10,10521,群馬県,板倉町,15706
10,10522,群馬県,明和町,11209
10,10523,群馬県,千代田町,11473
10,10524,群馬県,大泉町,40257
10,10525,群馬県,邑楽町,27023
11,11101,埼玉県,さいたま市 西区,84029
11,11102,埼玉県,さいたま市 北区,138630
11,11103,埼玉県,さいたま市 大宮区,108488
11,11104,埼玉県,さいたま市 見沼区,157143
11,11105,埼玉県,さいたま市 中央区,96055
11,11106,埼玉県,さいたま市 桜区,96911
11,11107,埼玉県,さいたま市 浦和区,144786
11,11108,埼玉県,さいたま市 南区,174988
11,11109,埼玉県,さいたま市 緑区,110118
11,11110,埼玉県,さいたま市 岩槻区,111286
11,11201,埼玉県,川越市,342670
11,11202,埼玉県,熊谷市,203180
11,11203,埼玉県,川口市,500598
11,11206,埼玉県,行田市,85786
11,11207,埼玉県,秩父市,66955
11,11208,埼玉県,所沢市,341924
11,11209,埼玉県,飯能市,83549
11,11210,埼玉県,加須市,115002
11,11211,埼玉県,本庄市,81889
11,11212,埼玉県,東松山市,90099
11,11214,埼玉県,春日部市,237171
11,11215,埼玉県,狭山市,155727
11,11216,埼玉県,羽生市,56204
11,11217,埼玉県,鴻巣市,119639
11,11218,埼玉県,深谷市,144618
11,11219,埼玉県,上尾市,223926
11,11221,埼玉県,草加市,243855
11,11222,埼玉県,越谷市,326313
11,11223,埼玉県,蕨市,71502
11,11224,埼玉県,戸田市,123079
11,11225,埼玉県,入間市,149872
11,11226,埼玉県,鳩ヶ谷市,60908
11,11227,埼玉県,朝霞市,129691
11,11228,埼玉県,志木市,69611
11,11229,埼玉県,和光市,80745
11,11230,埼玉県,新座市,158777
11,11231,埼玉県,桶川市,74711
11,11232,埼玉県,久喜市,154310
11,11233,埼玉県,北本市,68888
11,11234,埼玉県,八潮市,82977
11,11235,埼玉県,富士見市,106736
11,11237,埼玉県,三郷市,131415
11,11238,埼玉県,蓮田市,63309
11,11239,埼玉県,坂戸市,101700
11,11240,埼玉県,幸手市,54012
11,11241,埼玉県,鶴ヶ島市,69990
11,11242,埼玉県,日高市,57473
11,11243,埼玉県,吉川市,65298
11,11245,埼玉県,ふじみ野市,105695
11,11301,埼玉県,伊奈町,42494
11,11324,埼玉県,三芳町,38706
11,11326,埼玉県,毛呂山町,39054
11,11327,埼玉県,越生町,12537
11,11341,埼玉県,滑川町,17323
11,11342,埼玉県,嵐山町,18887
11,11343,埼玉県,小川町,32913
11,11346,埼玉県,川島町,22147
11,11347,埼玉県,吉見町,21079
11,11348,埼玉県,鳩山町,15305
11,11349,埼玉県,ときがわ町,12418
11,11361,埼玉県,横瀬町,9039
11,11362,埼玉県,皆野町,10888
11,11363,埼玉県,長瀞町,7908
11,11365,埼玉県,小鹿野町,13436
11,11369,埼玉県,東秩父村,3348
11,11381,埼玉県,美里町,11605
11,11383,埼玉県,神川町,14470
11,11385,埼玉県,上里町,30998
11,11408,埼玉県,寄居町,35774
11,11442,埼玉県,宮代町,33641
11,11445,埼玉県,白岡町,50272
11,11464,埼玉県,杉戸町,46923
11,11465,埼玉県,松伏町,31153
12,12101,千葉県,千葉市 中央区,199364
12,12102,千葉県,千葉市 花見川区,180949
12,12103,千葉県,千葉市 稲毛区,157768
12,12104,千葉県,千葉市 若葉区,151585
12,12105,千葉県,千葉市 緑区,121921
12,12106,千葉県,千葉市 美浜区,150162
12,12202,千葉県,銚子市,70210
12,12203,千葉県,市川市,473919
12,12204,千葉県,船橋市,609040
12,12205,千葉県,館山市,49290
12,12206,千葉県,木更津市,129312
12,12207,千葉県,松戸市,484457
12,12208,千葉県,野田市,155491
12,12210,千葉県,茂原市,93015
12,12211,千葉県,成田市,128933
12,12212,千葉県,佐倉市,172183
12,12213,千葉県,東金市,61751
12,12215,千葉県,旭市,69058
12,12216,千葉県,習志野市,164530
12,12217,千葉県,柏市,404012
12,12218,千葉県,勝浦市,20788
12,12219,千葉県,市原市,280416
12,12220,千葉県,流山市,163984
12,12221,千葉県,八千代市,189781
12,12222,千葉県,我孫子市,134017
12,12223,千葉県,鴨川市,35766
12,12224,千葉県,鎌ケ谷市,107853
12,12225,千葉県,君津市,89168
12,12226,千葉県,富津市,48073
12,12227,千葉県,浦安市,164877
12,12228,千葉県,四街道市,86726
12,12229,千葉県,袖ケ浦市,60355
12,12230,千葉県,八街市,73212
12,12231,千葉県,印西市,88176
12,12232,千葉県,白井市,60345
12,12233,千葉県,富里市,51087
12,12234,千葉県,南房総市,42104
12,12235,千葉県,匝瑳市,39814
12,12236,千葉県,香取市,82866
12,12237,千葉県,山武市,56089
12,12238,千葉県,いすみ市,40962
12,12322,千葉県,酒々井町,21234
12,12329,千葉県,栄町,22580
12,12342,千葉県,神崎町,6454
12,12347,千葉県,多古町,16002
12,12349,千葉県,東庄町,15154
12,12402,千葉県,大網白里町,50113
12,12403,千葉県,九十九里町,18004
12,12409,千葉県,芝山町,7920
12,12410,千葉県,横芝光町,24675
12,12421,千葉県,一宮町,12034
12,12422,千葉県,睦沢町,7340
12,12423,千葉県,長生村,14752
12,12424,千葉県,白子町,12151
12,12426,千葉県,長柄町,8035
12,12427,千葉県,長南町,9073
12,12441,千葉県,大多喜町,10671
12,12443,千葉県,御宿町,7738
12,12463,千葉県,鋸南町,8950
13,13101,東京都,千代田区,47115
13,13102,東京都,中央区,122762
13,13103,東京都,港区,205131
13,13104,東京都,新宿区,326309
13,13105,東京都,文京区,206626
13,13106,東京都,台東区,175928
13,13107,東京都,墨田区,247606
13,13108,東京都,江東区,460819
13,13109,東京都,品川区,365302
13,13110,東京都,目黒区,268330
13,13111,東京都,大田区,693373
13,13112,東京都,世田谷区,877138
13,13113,東京都,渋谷区,204492
13,13114,東京都,中野区,314750
13,13115,東京都,杉並区,549569
13,13116,東京都,豊島区,284678
13,13117,東京都,北区,335544
13,13118,東京都,荒川区,203296
13,13119,東京都,板橋区,535824
13,13120,東京都,練馬区,716124
13,13121,東京都,足立区,683426
13,13122,東京都,葛飾区,442586
13,13123,東京都,江戸川区,678967
13,13201,東京都,八王子市,580053
13,13202,東京都,立川市,179668
13,13203,東京都,武蔵野市,138734
13,13204,東京都,三鷹市,186083
13,13205,東京都,青梅市,139339
13,13206,東京都,府中市,255506
13,13207,東京都,昭島市,112297
13,13208,東京都,調布市,223593
13,13209,東京都,町田市,426987
13,13210,東京都,小金井市,118852
13,13211,東京都,小平市,187035
13,13212,東京都,日野市,180052
13,13213,東京都,東村山市,153557
13,13214,東京都,国分寺市,120650
13,13215,東京都,国立市,75510
13,13218,東京都,福生市,59796
13,13219,東京都,狛江市,78751
13,13220,東京都,東大和市,83068
13,13221,東京都,清瀬市,74104
13,13222,東京都,東久留米市,116546
13,13223,東京都,武蔵村山市,70053
13,13224,東京都,多摩市,147648
13,13225,東京都,稲城市,84835
13,13227,東京都,羽村市,57032
13,13228,東京都,あきる野市,80868
13,13229,東京都,西東京市,196511
13,13303,東京都,瑞穂町,33497
13,13305,東京都,日の出町,16650
13,13307,東京都,檜原村,2558
13,13308,東京都,奥多摩町,6045
13,13361,東京都,大島町,8461
13,13362,東京都,利島村,341
13,13363,東京都,新島村,2883
13,13364,東京都,神津島村,1889
13,13381,東京都,三宅村,2676
13,13382,東京都,御蔵島村,348
13,13401,東京都,八丈町,8231
13,13402,東京都,青ヶ島村,201
13,13421,東京都,小笠原村,2785
14,14101,神奈川県,横浜市 鶴見区,272178
14,14102,神奈川県,横浜市 神奈川区,233429
14,14103,神奈川県,横浜市 西区,94867
14,14104,神奈川県,横浜市 中区,146033
14,14105,神奈川県,横浜市 南区,196153
14,14106,神奈川県,横浜市 保土ケ谷区,206634
14,14107,神奈川県,横浜市 磯子区,163237
14,14108,神奈川県,横浜市 金沢区,209274
14,14109,神奈川県,横浜市 港北区,329471
14,14110,神奈川県,横浜市 戸塚区,274324
14,14111,神奈川県,横浜市 港南区,221411
14,14112,神奈川県,横浜市 旭区,251086
14,14113,神奈川県,横浜市 緑区,177631
14,14114,神奈川県,横浜市 瀬谷区,126913
14,14115,神奈川県,横浜市 栄区,124866
14,14116,神奈川県,横浜市 泉区,155698
14,14117,神奈川県,横浜市 青葉区,304297
14,14118,神奈川県,横浜市 都筑区,201271
14,14131,神奈川県,川崎市 川崎区,217328
14,14132,神奈川県,川崎市 幸区,154212
14,14133,神奈川県,川崎市 中原区,233925
14,14134,神奈川県,川崎市 高津区,217360
14,14135,神奈川県,川崎市 多摩区,213894
14,14136,神奈川県,川崎市 宮前区,218867
14,14137,神奈川県,川崎市 麻生区,169926
14,14151,神奈川県,相模原市 緑区,176192
14,14152,神奈川県,相模原市 中央区,266988
14,14153,神奈川県,相模原市 南区,274364
14,14201,神奈川県,横須賀市,418325
14,14203,神奈川県,平塚市,260780
14,14204,神奈川県,鎌倉市,174314
14,14205,神奈川県,藤沢市,409657
14,14206,神奈川県,小田原市,198327
14,14207,神奈川県,茅ヶ崎市,235081
14,14208,神奈川県,逗子市,58302
14,14210,神奈川県,三浦市,48352
14,14211,神奈川県,秦野市,170145
14,14212,神奈川県,厚木市,224420
14,14213,神奈川県,大和市,228186
14,14214,神奈川県,伊勢原市,101039
14,14215,神奈川県,海老名市,127707
14,14216,神奈川県,座間市,129436
14,14217,神奈川県,南足柄市,44020
14,14218,神奈川県,綾瀬市,83167
14,14301,神奈川県,葉山町,32766
14,14321,神奈川県,寒川町,47672
14,14341,神奈川県,大磯町,33032
14,14342,神奈川県,二宮町,29522
14,14361,神奈川県,中井町,10010
14,14362,神奈川県,大井町,17972
14,14363,神奈川県,松田町,11676
14,14364,神奈川県,山北町,11764
14,14366,神奈川県,開成町,16369
14,14382,神奈川県,箱根町,13853
14,14383,神奈川県,真鶴町,8212
14,14384,神奈川県,湯河原町,26848
14,14401,神奈川県,愛川町,42089
14,14402,神奈川県,清川村,3459
15,15101,新潟県,新潟市 北区,77621
15,15102,新潟県,新潟市 東区,138096
15,15103,新潟県,新潟市 中央区,180537
15,15104,新潟県,新潟市 江南区,69365
15,15105,新潟県,新潟市 秋葉区,77329
15,15106,新潟県,新潟市 南区,46949
15,15107,新潟県,新潟市 西区,161264
15,15108,新潟県,新潟市 西蒲区,60740
15,15202,新潟県,長岡市,282674
15,15204,新潟県,三条市,102292
15,15205,新潟県,柏崎市,91451
15,15206,新潟県,新発田市,101202
15,15208,新潟県,小千谷市,38600
15,15209,新潟県,加茂市,29762
15,15210,新潟県,十日町市,58911
15,15211,新潟県,見附市,41862
15,15212,新潟県,村上市,66427
15,15213,新潟県,燕市,81876
15,15216,新潟県,糸魚川市,47702
15,15217,新潟県,妙高市,35457
15,15218,新潟県,五泉市,54550
15,15222,新潟県,上越市,203899
15,15223,新潟県,阿賀野市,45560
15,15224,新潟県,佐渡市,62727
15,15225,新潟県,魚沼市,40361
15,15226,新潟県,南魚沼市,61624
15,15227,新潟県,胎内市,31424
15,15307,新潟県,聖籠町,13724
15,15342,新潟県,弥彦村,8582
15,15361,新潟県,田上町,12791
15,15385,新潟県,阿賀町,13303
15,15405,新潟県,出雲崎町,4907
15,15461,新潟県,湯沢町,8396
15,15482,新潟県,津南町,10881
15,15504,新潟県,刈羽村,4800
15,15581,新潟県,関川村,6438
15,15586,新潟県,粟島浦村,366
16,16201,富山県,富山市,421953
16,16202,富山県,高岡市,176061
16,16204,富山県,魚津市,44959
16,16205,富山県,氷見市,51726
16,16206,富山県,滑川市,33676
16,16207,富山県,黒部市,41852
16,16208,富山県,砺波市,49410
16,16209,富山県,小矢部市,32067
16,16210,富山県,南砺市,54724
16,16211,富山県,射水市,93588
16,16321,富山県,舟橋村,2967
16,16322,富山県,上市町,21965
16,16323,富山県,立山町,27466
16,16342,富山県,入善町,27182
16,16343,富山県,朝日町,13651
17,17201,石川県,金沢市,462361
17,17202,石川県,七尾市,57900
17,17203,石川県,小松市,108433
17,17204,石川県,輪島市,29858
17,17205,石川県,珠洲市,16300
17,17206,石川県,加賀市,71887
17,17207,石川県,羽咋市,23032
17,17209,石川県,かほく市,34651
17,17210,石川県,白山市,110459
17,17211,石川県,能美市,48680
17,17324,石川県,川北町,6147
17,17344,石川県,野々市町,51885
17,17361,石川県,津幡町,36940
17,17365,石川県,内灘町,26927
17,17384,石川県,志賀町,22216
17,17386,石川県,宝達志水町,14277
17,17407,石川県,中能登町,18535
17,17461,石川県,穴水町,9735
17,17463,石川県,能登町,19565
18,18201,福井県,福井市,266796
18,18202,福井県,敦賀市,67760
18,18204,福井県,小浜市,31340
18,18205,福井県,大野市,35291
18,18206,福井県,勝山市,25466
18,18207,福井県,鯖江市,67450
18,18208,福井県,あわら市,29989
18,18209,福井県,越前市,85614
18,18210,福井県,坂井市,91900
18,18322,福井県,永平寺町,20647
18,18382,福井県,池田町,3046
18,18404,福井県,南越前町,11551
18,18423,福井県,越前町,23160
18,18442,福井県,美浜町,10563
18,18481,福井県,高浜町,11062
18,18483,福井県,おおい町,8580
18,18501,福井県,若狭町,16099
19,19201,山梨県,甲府市,198992
19,19202,山梨県,富士吉田市,50619
19,19204,山梨県,都留市,33588
19,19205,山梨県,山梨市,36832
19,19206,山梨県,大月市,28120
19,19207,山梨県,韮崎市,32477
19,19208,山梨県,南アルプス市,72635
19,19209,山梨県,北杜市,46968
19,19210,山梨県,甲斐市,73807
19,19211,山梨県,笛吹市,70529
19,19212,山梨県,上野原市,27114
19,19213,山梨県,甲州市,33927
19,19214,山梨県,中央市,31322
19,19346,山梨県,市川三郷町,17111
19,19364,山梨県,早川町,1246
19,19365,山梨県,身延町,14462
19,19366,山梨県,南部町,9011
19,19368,山梨県,富士川町,16307
19,19384,山梨県,昭和町,17653
19,19422,山梨県,道志村,1919
19,19423,山梨県,西桂町,4541
19,19424,山梨県,忍野村,8635
19,19425,山梨県,山中湖村,5324
19,19429,山梨県,鳴沢村,2964
19,19430,山梨県,富士河口湖町,25471
19,19442,山梨県,小菅村,816
19,19443,山梨県,丹波山村,685
20,20201,長野県,長野市,381511
20,20202,長野県,松本市,243037
20,20203,長野県,上田市,159597
20,20204,長野県,岡谷市,52841
20,20205,長野県,飯田市,105335
20,20206,長野県,諏訪市,51200
20,20207,長野県,須坂市,52168
20,20208,長野県,小諸市,43997
20,20209,長野県,伊那市,71093
20,20210,長野県,駒ヶ根市,33693
20,20211,長野県,中野市,45638
20,20212,長野県,大町市,29801
20,20213,長野県,飯山市,23545
20,20214,長野県,茅野市,56391
20,20215,長野県,塩尻市,67670
20,20217,長野県,佐久市,100552
20,20218,長野県,千曲市,62068
20,20219,長野県,東御市,30696
20,20220,長野県,安曇野市,96479
20,20303,長野県,小海町,5180
20,20304,長野県,川上村,4972
20,20305,長野県,南牧村,3528
20,20306,長野県,南相木村,1121
20,20307,長野県,北相木村,842
20,20309,長野県,佐久穂町,12069
20,20321,長野県,軽井沢町,19018
20,20323,長野県,御代田町,14738
20,20324,長野県,立科町,7707
20,20349,長野県,青木村,4609
20,20350,長野県,長和町,6780
20,20361,長野県,下諏訪町,21532
20,20362,長野県,富士見町,15338
20,20363,長野県,原村,7573
20,20382,長野県,辰野町,20909
20,20383,長野県,箕輪町,26214
20,20384,長野県,飯島町,9902
20,20385,長野県,南箕輪村,14543
20,20386,長野県,中川村,5074
20,20388,長野県,宮田村,8974
20,20402,長野県,松川町,13676
20,20403,長野県,高森町,13216
20,20404,長野県,阿南町,5455
20,20407,長野県,阿智村,7036
20,20409,長野県,平谷村,563
20,20410,長野県,根羽村,1129
20,20411,長野県,下條村,4200
20,20412,長野県,売木村,656
20,20413,長野県,天龍村,1657
20,20414,長野県,泰阜村,1910
20,20415,長野県,喬木村,6692
20,20416,長野県,豊丘村,6819
20,20417,長野県,大鹿村,1160
20,20422,長野県,上松町,5245
20,20423,長野県,南木曽町,4810
20,20425,長野県,木祖村,3134
20,20429,長野県,王滝村,965
20,20430,長野県,大桑村,4145
20,20432,長野県,木曽町,12743
20,20446,長野県,麻績村,2970
20,20448,長野県,生坂村,1953
20,20450,長野県,山形村,8425
20,20451,長野県,朝日村,4741
20,20452,長野県,筑北村,5172
20,20481,長野県,池田町,10329
20,20482,長野県,松川村,10093
20,20485,長野県,白馬村,9205
20,20486,長野県,小谷村,3221
20,20521,長野県,坂城町,15730
20,20541,長野県,小布施町,11072
20,20543,長野県,高山村,7563
20,20561,長野県,山ノ内町,13678
20,20562,長野県,木島平村,4939
20,20563,長野県,野沢温泉村,3853
20,20583,長野県,信濃町,9238
20,20588,長野県,小川村,3041
20,20590,長野県,飯綱町,11865
20,20602,長野県,栄村,2215
21,21201,岐阜県,岐阜市,413136
21,21202,岐阜県,大垣市,161160
21,21203,岐阜県,高山市,92747
21,21204,岐阜県,多治見市,112595
21,21205,岐阜県,関市,91418
21,21206,岐阜県,中津川市,80910
21,21207,岐阜県,美濃市,22629
21,21208,岐阜県,瑞浪市,40387
21,21209,岐阜県,羽島市,67197
21,21210,岐阜県,恵那市,53718
21,21211,岐阜県,美濃加茂市,54729
21,21212,岐阜県,土岐市,60475
21,21213,岐阜県,各務原市,145604
21,21214,岐阜県,可児市,97436
21,21215,岐阜県,山県市,29629
21,21216,岐阜県,瑞穂市,51950
21,21217,岐阜県,飛騨市,26732
21,21218,岐阜県,本巣市,35047
21,21219,岐阜県,郡上市,44491
21,21220,岐阜県,下呂市,36314
21,21221,岐阜県,海津市,37941
21,21302,岐阜県,岐南町,23804
21,21303,岐阜県,笠松町,22809
21,21341,岐阜県,養老町,31332
21,21361,岐阜県,垂井町,28505
21,21362,岐阜県,関ケ原町,8096
21,21381,岐阜県,神戸町,20065
21,21382,岐阜県,輪之内町,10028
21,21383,岐阜県,安八町,15271
21,21401,岐阜県,揖斐川町,23784
21,21403,岐阜県,大野町,23859
21,21404,岐阜県,池田町,24980
21,21421,岐阜県,北方町,18395
21,21501,岐阜県,坂祝町,8361
21,21502,岐阜県,富加町,5516
21,21503,岐阜県,川辺町,10593
21,21504,岐阜県,七宗町,4484
21,21505,岐阜県,八百津町,12045
21,21506,岐阜県,白川町,9530
21,21507,岐阜県,東白川村,2514
21,21521,岐阜県,御嵩町,18824
21,21604,岐阜県,白川村,1733
22,22101,静岡県,静岡市 葵区,255375
22,22102,静岡県,静岡市 駿河区,213059
22,22103,静岡県,静岡市 清水区,247763
22,22131,静岡県,浜松市 中区,238477
22,22132,静岡県,浜松市 東区,126609
22,22133,静岡県,浜松市 西区,113654
22,22134,静岡県,浜松市 南区,102381
22,22135,静岡県,浜松市 北区,94680
22,22136,静岡県,浜松市 浜北区,91108
22,22137,静岡県,浜松市 天竜区,33957
22,22203,静岡県,沼津市,202304
22,22205,静岡県,熱海市,39611
22,22206,静岡県,三島市,111838
22,22207,静岡県,富士宮市,132001
22,22208,静岡県,伊東市,71437
22,22209,静岡県,島田市,100276
22,22210,静岡県,富士市,254027
22,22211,静岡県,磐田市,168625
22,22212,静岡県,焼津市,143249
22,22213,静岡県,掛川市,116363
22,22214,静岡県,藤枝市,142151
22,22215,静岡県,御殿場市,89030
22,22216,静岡県,袋井市,84846
22,22219,静岡県,下田市,25013
22,22220,静岡県,裾野市,54546
22,22221,静岡県,湖西市,60107
22,22222,静岡県,伊豆市,34202
22,22223,静岡県,御前崎市,34700
22,22224,静岡県,菊川市,47041
22,22225,静岡県,伊豆の国市,49269
22,22226,静岡県,牧之原市,49019
22,22301,静岡県,東伊豆町,14064
22,22302,静岡県,河津町,7998
22,22304,静岡県,南伊豆町,9516
22,22305,静岡県,松崎町,7653
22,22306,静岡県,西伊豆町,9469
22,22325,静岡県,函南町,38571
22,22341,静岡県,清水町,32302
22,22342,静岡県,長泉町,40763
22,22344,静岡県,小山町,20629
22,22424,静岡県,吉田町,29815
22,22429,静岡県,川根本町,8074
22,22461,静岡県,森町,19435
23,23101,愛知県,名古屋市 千種区,160015
23,23102,愛知県,名古屋市 東区,73272
23,23103,愛知県,名古屋市 北区,165785
23,23104,愛知県,名古屋市 西区,144995
23,23105,愛知県,名古屋市 中村区,136164
23,23106,愛知県,名古屋市 中区,78353
23,23107,愛知県,名古屋市 昭和区,105536
23,23108,愛知県,名古屋市 瑞穂区,105061
23,23109,愛知県,名古屋市 熱田区,64719
23,23110,愛知県,名古屋市 中川区,221521
23,23111,愛知県,名古屋市 港区,149215
23,23112,愛知県,名古屋市 南区,141310
23,23113,愛知県,名古屋市 守山区,168551
23,23114,愛知県,名古屋市 緑区,229592
23,23115,愛知県,名古屋市 名東区,161012
23,23116,愛知県,名古屋市 天白区,158793
23,23201,愛知県,豊橋市,376665
23,23202,愛知県,岡崎市,372357
23,23203,愛知県,一宮市,378566
23,23204,愛知県,瀬戸市,132224
23,23205,愛知県,半田市,118828
23,23206,愛知県,春日井市,305569
23,23207,愛知県,豊川市,181928
23,23208,愛知県,津島市,65258
23,23209,愛知県,碧南市,72018
23,23210,愛知県,刈谷市,145781
23,23211,愛知県,豊田市,421487
23,23212,愛知県,安城市,178691
23,23213,愛知県,西尾市,106823
23,23214,愛知県,蒲郡市,82249
23,23215,愛知県,犬山市,75198
23,23216,愛知県,常滑市,54858
23,23217,愛知県,江南市,99730
23,23219,愛知県,小牧市,147132
23,23220,愛知県,稲沢市,136442
23,23221,愛知県,新城市,49864
23,23222,愛知県,東海市,107690
23,23223,愛知県,大府市,85249
23,23224,愛知県,知多市,84768
23,23225,愛知県,知立市,68398
23,23226,愛知県,尾張旭市,81140
23,23227,愛知県,高浜市,44027
23,23228,愛知県,岩倉市,47340
23,23229,愛知県,豊明市,69745
23,23230,愛知県,日進市,84237
23,23231,愛知県,田原市,64119
23,23232,愛知県,愛西市,64978
23,23233,愛知県,清須市,65757
23,23234,愛知県,北名古屋市,81571
23,23235,愛知県,弥富市,43272
23,23236,愛知県,みよし市,60098
23,23237,愛知県,あま市,86714
23,23302,愛知県,東郷町,41851
23,23304,愛知県,長久手町,52022
23,23342,愛知県,豊山町,14405
23,23361,愛知県,大口町,22446
23,23362,愛知県,扶桑町,33558
23,23424,愛知県,大治町,29891
23,23425,愛知県,蟹江町,36688
23,23427,愛知県,飛島村,4525
23,23441,愛知県,阿久比町,25466
23,23442,愛知県,東浦町,49800
23,23445,愛知県,南知多町,20549
23,23446,愛知県,美浜町,25178
23,23447,愛知県,武豊町,42408
23,23481,愛知県,一色町,23825
23,23482,愛知県,吉良町,22298
23,23483,愛知県,幡豆町,12352
23,23501,愛知県,幸田町,37930
23,23561,愛知県,設楽町,5769
23,23562,愛知県,東栄町,3757
23,23563,愛知県,豊根村,1336
24,24201,三重県,津市,285746
24,24202,三重県,四日市市,307766
24,24203,三重県,伊勢市,130271
24,24204,三重県,松阪市,168017
24,24205,三重県,桑名市,140290
24,24207,三重県,鈴鹿市,199293
24,24208,三重県,名張市,80284
24,24209,三重県,尾鷲市,20033
24,24210,三重県,亀山市,51023
24,24211,三重県,鳥羽市,21435
24,24212,三重県,熊野市,19662
24,24214,三重県,いなべ市,45684
24,24215,三重県,志摩市,54694
24,24216,三重県,伊賀市,97207
24,24303,三重県,木曽岬町,6855
24,24324,三重県,東員町,25661
24,24341,三重県,菰野町,39978
24,24343,三重県,朝日町,9626
24,24344,三重県,川越町,14003
24,24441,三重県,多気町,15438
24,24442,三重県,明和町,22833
24,24443,三重県,大台町,10416
24,24461,三重県,玉城町,15297
24,24470,三重県,度会町,8692
24,24471,三重県,大紀町,9846
24,24472,三重県,南伊勢町,14791
24,24543,三重県,紀北町,18611
24,24561,三重県,御浜町,9376
24,24562,三重県,紀宝町,11896
25,25201,滋賀県,大津市,337634
25,25202,滋賀県,彦根市,112156
25,25203,滋賀県,長浜市,124131
25,25204,滋賀県,近江八幡市,81738
25,25206,滋賀県,草津市,130874
25,25207,滋賀県,守山市,76560
25,25208,滋賀県,栗東市,63655
25,25209,滋賀県,甲賀市,92704
25,25210,滋賀県,野洲市,49955
25,25211,滋賀県,湖南市,54614
25,25212,滋賀県,高島市,52486
25,25213,滋賀県,東近江市,115479
25,25214,滋賀県,米原市,40060
25,25383,滋賀県,日野町,22870
25,25384,滋賀県,竜王町,12916
25,25425,滋賀県,愛荘町,20118
25,25441,滋賀県,豊郷町,7566
25,25442,滋賀県,甲良町,7500
25,25443,滋賀県,多賀町,7761
26,26101,京都府,京都市 北区,122037
26,26102,京都府,京都市 上京区,83264
26,26103,京都府,京都市 左京区,168802
26,26104,京都府,京都市 中京区,105306
26,26105,京都府,京都市 東山区,40528
26,26106,京都府,京都市 下京区,79287
26,26107,京都府,京都市 南区,98744
26,26108,京都府,京都市 右京区,202943
26,26109,京都府,京都市 伏見区,284085
26,26110,京都府,京都市 山科区,136045
26,26111,京都府,京都市 西京区,152974
26,26201,京都府,福知山市,79652
26,26202,京都府,舞鶴市,88669
26,26203,京都府,綾部市,35836
26,26204,京都府,宇治市,189609
26,26205,京都府,宮津市,19948
26,26206,京都府,亀岡市,92399
26,26207,京都府,城陽市,80037
26,26208,京都府,向日市,54328
26,26209,京都府,長岡京市,79844
26,26210,京都府,八幡市,74227
26,26211,京都府,京田辺市,67910
26,26212,京都府,京丹後市,59038
26,26213,京都府,南丹市,35214
26,26214,京都府,木津川市,69761
26,26303,京都府,大山崎町,15121
26,26322,京都府,久御山町,15914
26,26343,京都府,井手町,8447
26,26344,京都府,宇治田原町,9711
26,26364,京都府,笠置町,1626
26,26365,京都府,和束町,4482
26,26366,京都府,精華町,35630
26,26367,京都府,南山城村,3078
26,26407,京都府,京丹波町,15732
26,26463,京都府,伊根町,2410
26,26465,京都府,与謝野町,23454
27,27102,大阪府,大阪市 都島区,102632
27,27103,大阪府,大阪市 福島区,67290
27,27104,大阪府,大阪市 此花区,65569
27,27106,大阪府,大阪市 西区,83058
27,27107,大阪府,大阪市 港区,84947
27,27108,大阪府,大阪市 大正区,69510
27,27109,大阪府,大阪市 天王寺区,69775
27,27111,大阪府,大阪市 浪速区,61745
27,27113,大阪府,大阪市 西淀川区,97504
27,27114,大阪府,大阪市 東淀川区,176585
27,27115,大阪府,大阪市 東成区,80231
27,27116,大阪府,大阪市 生野区,134009
27,27117,大阪府,大阪市 旭区,92455
27,27118,大阪府,大阪市 城東区,165832
27,27119,大阪府,大阪市 阿倍野区,106350
27,27120,大阪府,大阪市 住吉区,155572
27,27121,大阪府,大阪市 東住吉区,130724
27,27122,大阪府,大阪市 西成区,121972
27,27123,大阪府,大阪市 淀川区,172078
27,27124,大阪府,大阪市 鶴見区,111182
27,27125,大阪府,大阪市 住之江区,127210
27,27126,大阪府,大阪市 平野区,200005
27,27127,大阪府,大阪市 北区,110392
27,27128,大阪府,大阪市 中央区,78687
27,27141,大阪府,堺市 堺区,148748
27,27142,大阪府,堺市 中区,123532
27,27143,大阪府,堺市 東区,85444
27,27144,大阪府,堺市 西区,133622
27,27145,大阪府,堺市 南区,154779
27,27146,大阪府,堺市 北区,156561
27,27147,大阪府,堺市 美原区,39280
27,27202,大阪府,岸和田市,199234
27,27203,大阪府,豊中市,389341
27,27204,大阪府,池田市,104229
27,27205,大阪府,吹田市,355798
27,27206,大阪府,泉大津市,77548
27,27207,大阪府,高槻市,357359
27,27208,大阪府,貝塚市,90519
27,27209,大阪府,守口市,146697
27,27210,大阪府,枚方市,407978
27,27211,大阪府,茨木市,274822
27,27212,大阪府,八尾市,271460
27,27213,大阪府,泉佐野市,100801
27,27214,大阪府,富田林市,119576
27,27215,大阪府,寝屋川市,238204
27,27216,大阪府,河内長野市,112490
27,27217,大阪府,松原市,124594
27,27218,大阪府,大東市,127534
27,27219,大阪府,和泉市,184988
27,27220,大阪府,箕面市,129895
27,27221,大阪府,柏原市,74773
27,27222,大阪府,羽曳野市,117681
27,27223,大阪府,門真市,130282
27,27224,大阪府,摂津市,83720
27,27225,大阪府,高石市,59572
27,27226,大阪府,藤井寺市,66165
27,27227,大阪府,東大阪市,509533
27,27228,大阪府,泉南市,64403
27,27229,大阪府,四條畷市,57554
27,27230,大阪府,交野市,77686
27,27231,大阪府,大阪狭山市,58227
27,27232,大阪府,阪南市,56646
27,27301,大阪府,島本町,28935
27,27321,大阪府,豊能町,21989
27,27322,大阪府,能勢町,11650
27,27341,大阪府,忠岡町,18149
27,27361,大阪府,熊取町,45069
27,27362,大阪府,田尻町,8085
27,27366,大阪府,岬町,17504
27,27381,大阪府,太子町,14220
27,27382,大阪府,河南町,17040
27,27383,大阪府,千早赤阪村,6015
28,28101,兵庫県,神戸市 東灘区,210408
28,28102,兵庫県,神戸市 灘区,133451
28,28105,兵庫県,神戸市 兵庫区,108304
28,28106,兵庫県,神戸市 長田区,101624
28,28107,兵庫県,神戸市 須磨区,167475
28,28108,兵庫県,神戸市 垂水区,220411
28,28109,兵庫県,神戸市 北区,226836
28,28110,兵庫県,神戸市 中央区,126393
28,28111,兵庫県,神戸市 西区,249298
28,28201,兵庫県,姫路市,536270
28,28202,兵庫県,尼崎市,453748
28,28203,兵庫県,明石市,290959
28,28204,兵庫県,西宮市,482640
28,28205,兵庫県,洲本市,47254
28,28206,兵庫県,芦屋市,93238
28,28207,兵庫県,伊丹市,196127
28,28208,兵庫県,相生市,31158
28,28209,兵庫県,豊岡市,85592
28,28210,兵庫県,加古川市,266937
28,28212,兵庫県,赤穂市,50523
28,28213,兵庫県,西脇市,42802
28,28214,兵庫県,宝_市,225700
28,28215,兵庫県,三木市,81009
28,28216,兵庫県,高砂市,93901
28,28217,兵庫県,川西市,156423
28,28218,兵庫県,小野市,49680
28,28219,兵庫県,三田市,114216
28,28220,兵庫県,加西市,47993
28,28221,兵庫県,篠山市,43263
28,28222,兵庫県,養父市,26501
28,28223,兵庫県,丹波市,67757
28,28224,兵庫県,南あわじ市,49834
28,28225,兵庫県,朝来市,32814
28,28226,兵庫県,淡路市,46459
28,28227,兵庫県,宍粟市,40938
28,28228,兵庫県,加東市,40181
28,28229,兵庫県,たつの市,80518
28,28301,兵庫県,猪名川町,31739
28,28365,兵庫県,多可町,23104
28,28381,兵庫県,稲美町,31026
28,28382,兵庫県,播磨町,33183
28,28442,兵庫県,市川町,13288
28,28443,兵庫県,福崎町,19830
28,28446,兵庫県,神河町,12289
28,28464,兵庫県,太子町,33438
28,28481,兵庫県,上郡町,16636
28,28501,兵庫県,佐用町,19265
28,28585,兵庫県,香美町,19696
28,28586,兵庫県,新温泉町,16004
29,29201,奈良県,奈良市,366591
29,29202,奈良県,大和高田市,68451
29,29203,奈良県,大和郡山市,89023
29,29204,奈良県,天理市,69178
29,29205,奈良県,橿原市,125605
29,29206,奈良県,桜井市,60146
29,29207,奈良県,五條市,34460
29,29208,奈良県,御所市,30287
29,29209,奈良県,生駒市,118113
29,29210,奈良県,香芝市,75227
29,29211,奈良県,葛城市,35859
29,29212,奈良県,宇陀市,34227
29,29322,奈良県,山添村,4107
29,29342,奈良県,平群町,19727
29,29343,奈良県,三郷町,23440
29,29344,奈良県,斑鳩町,27734
29,29345,奈良県,安堵町,7929
29,29361,奈良県,川西町,8653
29,29362,奈良県,三宅町,7440
29,29363,奈良県,田原本町,32121
29,29385,奈良県,曽爾村,1895
29,29386,奈良県,御杖村,2102
29,29401,奈良県,高取町,7657
29,29402,奈良県,明日香村,5856
29,29424,奈良県,上牧町,23728
29,29425,奈良県,王寺町,22182
29,29426,奈良県,広陵町,33070
29,29427,奈良県,河合町,18531
29,29441,奈良県,吉野町,8642
29,29442,奈良県,大淀町,19176
29,29443,奈良県,下市町,7020
29,29444,奈良県,黒滝村,840
29,29446,奈良県,天川村,1572
29,29447,奈良県,野迫川村,524
29,29449,奈良県,十津川村,4107
29,29450,奈良県,下北山村,1039
29,29451,奈良県,上北山村,683
29,29452,奈良県,川上村,1643
29,29453,奈良県,東吉野村,2143
30,30201,和歌山県,和歌山市,370364
30,30202,和歌山県,海南市,54783
30,30203,和歌山県,橋本市,66361
30,30204,和歌山県,有田市,30592
30,30205,和歌山県,御坊市,26111
30,30206,和歌山県,田辺市,79119
30,30207,和歌山県,新宮市,31498
30,30208,和歌山県,紀の川市,65840
30,30209,和歌山県,岩出市,52882
30,30304,和歌山県,紀美野町,10391
30,30341,和歌山県,かつらぎ町,18230
30,30343,和歌山県,九度山町,4963
30,30344,和歌山県,高野町,3975
30,30361,和歌山県,湯浅町,13210
30,30362,和歌山県,広川町,7714
30,30366,和歌山県,有田川町,27162
30,30381,和歌山県,美浜町,8077
30,30382,和歌山県,日高町,7432
30,30383,和歌山県,由良町,6508
30,30390,和歌山県,印南町,8606
30,30391,和歌山県,みなべ町,13470
30,30392,和歌山県,日高川町,10509
30,30401,和歌山県,白浜町,22696
30,30404,和歌山県,上富田町,14807
30,30406,和歌山県,すさみ町,4730
30,30421,和歌山県,那智勝浦町,17080
30,30422,和歌山県,太地町,3250
30,30424,和歌山県,古座川町,3103
30,30427,和歌山県,北山村,486
30,30428,和歌山県,串本町,18249
31,31201,鳥取県,鳥取市,197449
31,31202,鳥取県,米子市,148271
31,31203,鳥取県,倉吉市,50720
31,31204,鳥取県,境港市,35259
31,31302,鳥取県,岩美町,12362
31,31325,鳥取県,若桜町,3873
31,31328,鳥取県,智頭町,7718
31,31329,鳥取県,八頭町,18427
31,31364,鳥取県,三朝町,7015
31,31370,鳥取県,湯梨浜町,17029
31,31371,鳥取県,琴浦町,18531
31,31372,鳥取県,北栄町,15442
31,31384,鳥取県,日吉津村,3339
31,31386,鳥取県,大山町,17491
31,31389,鳥取県,南部町,11536
31,31390,鳥取県,伯耆町,11621
31,31401,鳥取県,日南町,5460
31,31402,鳥取県,日野町,3745
31,31403,鳥取県,江府町,3379
32,32201,島根県,松江市,194258
32,32202,島根県,浜田市,61713
32,32203,島根県,出雲市,143796
32,32204,島根県,益田市,50015
32,32205,島根県,大田市,37996
32,32206,島根県,安来市,41836
32,32207,島根県,江津市,25697
32,32209,島根県,雲南市,41917
32,32304,島根県,東出雲町,14355
32,32343,島根県,奥出雲町,14456
32,32386,島根県,飯南町,5534
32,32401,島根県,斐川町,27689
32,32441,島根県,川本町,3900
32,32448,島根県,美郷町,5351
32,32449,島根県,邑南町,11959
32,32501,島根県,津和野町,8427
32,32505,島根県,吉賀町,6810
32,32525,島根県,海士町,2374
32,32526,島根県,西ノ島町,3136
32,32527,島根県,知夫村,657
32,32528,島根県,隠岐の島町,15521
33,33101,岡山県,岡山市 北区,302685
33,33102,岡山県,岡山市 中区,142237
33,33103,岡山県,岡山市 東区,96948
33,33104,岡山県,岡山市 南区,167714
33,33202,岡山県,倉敷市,475513
33,33203,岡山県,津山市,106788
33,33204,岡山県,玉野市,64588
33,33205,岡山県,笠岡市,54225
33,33207,岡山県,井原市,43927
33,33208,岡山県,総社市,66201
33,33209,岡山県,高梁市,34963
33,33210,岡山県,新見市,33870
33,33211,岡山県,備前市,37839
33,33212,岡山県,瀬戸内市,37852
33,33213,岡山県,赤磐市,43458
33,33214,岡山県,真庭市,48964
33,33215,岡山県,美作市,30498
33,33216,岡山県,浅口市,36114
33,33346,岡山県,和気町,15362
33,33423,岡山県,早島町,12214
33,33445,岡山県,里庄町,10916
33,33461,岡山県,矢掛町,15092
33,33586,岡山県,新庄村,957
33,33606,岡山県,鏡野町,13580
33,33622,岡山県,勝央町,11195
33,33623,岡山県,奈義町,6085
33,33643,岡山県,西粟倉村,1520
33,33663,岡山県,久米南町,5296
33,33666,岡山県,美咲町,15642
33,33681,岡山県,吉備中央町,13033
34,34101,広島県,広島市 中区,130482
34,34102,広島県,広島市 東区,120751
34,34103,広島県,広島市 南区,138190
34,34104,広島県,広島市 西区,186985
34,34105,広島県,広島市 安佐南区,233733
34,34106,広島県,広島市 安佐北区,149633
34,34107,広島県,広島市 安芸区,78789
34,34108,広島県,広島市 佐伯区,135280
34,34202,広島県,呉市,239973
34,34203,広島県,竹原市,28644
34,34204,広島県,三原市,100509
34,34205,広島県,尾道市,145202
34,34207,広島県,福山市,461357
34,34208,広島県,府中市,42563
34,34209,広島県,三次市,56605
34,34210,広島県,庄原市,40244
34,34211,広島県,大竹市,28836
34,34212,広島県,東広島市,190135
34,34213,広島県,廿日市市,114038
34,34214,広島県,安芸高田市,31487
34,34215,広島県,江田島市,27031
34,34302,広島県,府中町,50442
34,34304,広島県,海田町,28475
34,34307,広島県,熊野町,24533
34,34309,広島県,坂町,13262
34,34368,広島県,安芸太田町,7255
34,34369,広島県,北広島町,19969
34,34431,広島県,大崎上島町,8448
34,34462,広島県,世羅町,17549
34,34545,広島県,神石高原町,10350
35,35201,山口県,下関市,280947
35,35202,山口県,宇部市,173772
35,35203,山口県,山口市,196628
35,35204,山口県,萩市,53747
35,35206,山口県,防府市,116611
35,35207,山口県,下松市,55012
35,35208,山口県,岩国市,143857
35,35210,山口県,光市,53004
35,35211,山口県,長門市,38349
35,35212,山口県,柳井市,34730
35,35213,山口県,美祢市,28630
35,35215,山口県,周南市,149487
35,35216,山口県,山陽小野田市,64550
35,35305,山口県,周防大島町,19084
35,35321,山口県,和木町,6378
35,35341,山口県,上関町,3332
35,35343,山口県,田布施町,15986
35,35344,山口県,平生町,13491
35,35502,山口県,阿武町,3743
36,36201,徳島県,徳島市,264548
36,36202,徳島県,鳴門市,61513
36,36203,徳島県,小松島市,40614
36,36204,徳島県,阿南市,76063
36,36205,徳島県,吉野川市,44020
36,36206,徳島県,阿波市,39247
36,36207,徳島県,美馬市,32484
36,36208,徳島県,三好市,29951
36,36301,徳島県,勝浦町,5765
36,36302,徳島県,上勝町,1783
36,36321,徳島県,佐那河内村,2588
36,36341,徳島県,石井町,25954
36,36342,徳島県,神山町,6038
36,36368,徳島県,那賀町,9318
36,36383,徳島県,牟岐町,4826
36,36387,徳島県,美波町,7765
36,36388,徳島県,海陽町,10446
36,36401,徳島県,松茂町,15070
36,36402,徳島県,北島町,21658
36,36403,徳島県,藍住町,33338
36,36404,徳島県,板野町,14241
36,36405,徳島県,上板町,12727
36,36468,徳島県,つるぎ町,10490
36,36489,徳島県,東みよし町,15044
37,37201,香川県,高松市,419429
37,37202,香川県,丸亀市,110473
37,37203,香川県,坂出市,55621
37,37204,香川県,善通寺市,33817
37,37205,香川県,観音寺市,62690
37,37206,香川県,さぬき市,53000
37,37207,香川県,東かがわ市,33625
37,37208,香川県,三豊市,68512
37,37322,香川県,土庄町,15123
37,37324,香川県,小豆島町,16152
37,37341,香川県,三木町,28464
37,37364,香川県,直島町,3325
37,37386,香川県,宇多津町,18434
37,37387,香川県,綾川町,24625
37,37403,香川県,琴平町,9967
37,37404,香川県,多度津町,23498
37,37406,香川県,まんのう町,19087
38,38201,愛媛県,松山市,517231
38,38202,愛媛県,今治市,166532
38,38203,愛媛県,宇和島市,84210
38,38204,愛媛県,八幡浜市,38370
38,38205,愛媛県,新居浜市,121735
38,38206,愛媛県,西条市,112091
38,38207,愛媛県,大洲市,47157
38,38210,愛媛県,伊予市,38017
38,38213,愛媛県,四国中央市,90187
38,38214,愛媛県,西予市,42080
38,38215,愛媛県,東温市,35253
38,38356,愛媛県,上島町,7648
38,38386,愛媛県,久万高原町,9644
38,38401,愛媛県,松前町,30359
38,38402,愛媛県,砥部町,21981
38,38422,愛媛県,内子町,18045
38,38442,愛媛県,伊方町,10882
38,38484,愛媛県,松野町,4377
38,38488,愛媛県,鬼北町,11633
38,38506,愛媛県,愛南町,24061
39,39201,高知県,高知市,343393
39,39202,高知県,室戸市,15210
39,39203,高知県,安芸市,19547
39,39204,高知県,南国市,49472
39,39205,高知県,土佐市,28686
39,39206,高知県,須崎市,24698
39,39208,高知県,宿毛市,22610
39,39209,高知県,土佐清水市,16029
39,39210,高知県,四万十市,35933
39,39211,高知県,香南市,33830
39,39212,高知県,香美市,28766
39,39301,高知県,東洋町,2947
39,39302,高知県,奈半利町,3542
39,39303,高知県,田野町,2932
39,39304,高知県,安田町,2970
39,39305,高知県,北川村,1367
39,39306,高知県,馬路村,1013
39,39307,高知県,芸西村,4048
39,39341,高知県,本山町,4103
39,39344,高知県,大豊町,4719
39,39363,高知県,土佐町,4358
39,39364,高知県,大川村,411
39,39386,高知県,いの町,25062
39,39387,高知県,仁淀川町,6500
39,39401,高知県,中土佐町,7584
39,39402,高知県,佐川町,13951
39,39403,高知県,越知町,6374
39,39405,高知県,檮原町,3984
39,39410,高知県,日高村,5447
39,39411,高知県,津野町,6407
39,39412,高知県,四万十町,18733
39,39424,高知県,大月町,5783
39,39427,高知県,三原村,1681
39,39428,高知県,黒潮町,12366
40,40101,福岡県,北九州市 門司区,104469
40,40103,福岡県,北九州市 若松区,85167
40,40105,福岡県,北九州市 戸畑区,61583
40,40106,福岡県,北九州市 小倉北区,181936
40,40107,福岡県,北九州市 小倉南区,214793
40,40108,福岡県,北九州市 八幡東区,71801
40,40109,福岡県,北九州市 八幡西区,257097
40,40131,福岡県,福岡市 東区,292199
40,40132,福岡県,福岡市 博多区,212527
40,40133,福岡県,福岡市 中央区,178429
40,40134,福岡県,福岡市 南区,247096
40,40135,福岡県,福岡市 西区,193280
40,40136,福岡県,福岡市 城南区,128659
40,40137,福岡県,福岡市 早良区,211553
40,40202,福岡県,大牟田市,123638
40,40203,福岡県,久留米市,302402
40,40204,福岡県,直方市,57686
40,40205,福岡県,飯塚市,131492
40,40206,福岡県,田川市,50605
40,40207,福岡県,柳川市,71375
40,40210,福岡県,八女市,69057
40,40211,福岡県,筑後市,48512
40,40212,福岡県,大川市,37448
40,40213,福岡県,行橋市,70468
40,40214,福岡県,豊前市,27031
40,40215,福岡県,中間市,44210
40,40216,福岡県,小郡市,58499
40,40217,福岡県,筑紫野市,100172
40,40218,福岡県,春日市,106780
40,40219,福岡県,大野城市,95087
40,40220,福岡県,宗像市,95501
40,40221,福岡県,太宰府市,70482
40,40223,福岡県,古賀市,57920
40,40224,福岡県,福津市,55431
40,40225,福岡県,うきは市,31640
40,40226,福岡県,宮若市,30081
40,40227,福岡県,嘉麻市,42589
40,40228,福岡県,朝倉市,56355
40,40229,福岡県,みやま市,40732
40,40230,福岡県,糸島市,98435
40,40305,福岡県,那珂川町,49780
40,40341,福岡県,宇美町,38592
40,40342,福岡県,篠栗町,31318
40,40343,福岡県,志免町,43564
40,40344,福岡県,須恵町,26044
40,40345,福岡県,新宮町,24679
40,40348,福岡県,久山町,8373
40,40349,福岡県,粕屋町,41997
40,40381,福岡県,芦屋町,15369
40,40382,福岡県,水巻町,30021
40,40383,福岡県,岡垣町,32119
40,40384,福岡県,遠賀町,19160
40,40401,福岡県,小竹町,8602
40,40402,福岡県,鞍手町,17088
40,40421,福岡県,桂川町,13863
40,40447,福岡県,筑前町,29155
40,40448,福岡県,東峰村,2432
40,40503,福岡県,大刀洗町,15284
40,40522,福岡県,大木町,14350
40,40544,福岡県,広川町,20253
40,40601,福岡県,香春町,11685
40,40602,福岡県,添田町,10909
40,40604,福岡県,糸田町,9617
40,40605,福岡県,川崎町,18264
40,40608,福岡県,大任町,5503
40,40609,福岡県,赤村,3251
40,40610,福岡県,福智町,24714
40,40621,福岡県,苅田町,36005
40,40625,福岡県,みやこ町,21572
40,40642,福岡県,吉富町,6792
40,40646,福岡県,上毛町,7852
40,40647,福岡県,築上町,19544
41,41201,佐賀県,佐賀市,237506
41,41202,佐賀県,唐津市,126926
41,41203,佐賀県,鳥栖市,69074
41,41204,佐賀県,多久市,21404
41,41205,佐賀県,伊万里市,57161
41,41206,佐賀県,武雄市,50699
41,41207,佐賀県,鹿島市,30720
41,41208,佐賀県,小城市,45133
41,41209,佐賀県,嬉野市,28984
41,41210,佐賀県,神埼市,32899
41,41327,佐賀県,吉野ヶ里町,16405
41,41341,佐賀県,基山町,17837
41,41345,佐賀県,上峰町,9224
41,41346,佐賀県,みやき町,26175
41,41387,佐賀県,玄海町,6379
41,41401,佐賀県,有田町,20929
41,41423,佐賀県,大町町,7369
41,41424,佐賀県,江北町,9515
41,41425,佐賀県,白石町,25607
41,41441,佐賀県,太良町,9842
42,42201,長崎県,長崎市,443766
42,42202,長崎県,佐世保市,261101
42,42203,長崎県,島原市,47455
42,42204,長崎県,諫早市,140752
42,42205,長崎県,大村市,90517
42,42207,長崎県,平戸市,34905
42,42208,長崎県,松浦市,25145
42,42209,長崎県,対馬市,34407
42,42210,長崎県,壱岐市,29377
42,42211,長崎県,五島市,40622
42,42212,長崎県,西海市,31176
42,42213,長崎県,雲仙市,47245
42,42214,長崎県,南島原市,50363
42,42307,長崎県,長与町,42535
42,42308,長崎県,時津町,30110
42,42321,長崎県,東彼杵町,8903
42,42322,長崎県,川棚町,14651
42,42323,長崎県,波佐見町,15227
42,42383,長崎県,小値賀町,2849
42,42391,長崎県,佐々町,13599
42,42411,長崎県,新上五島町,22074
43,43201,熊本県,熊本市,734474
43,43202,熊本県,八代市,132266
43,43203,熊本県,人吉市,35611
43,43204,熊本県,荒尾市,55321
43,43205,熊本県,水俣市,26978
43,43206,熊本県,玉名市,69541
43,43208,熊本県,山鹿市,55391
43,43210,熊本県,菊池市,50194
43,43211,熊本県,宇土市,37727
43,43212,熊本県,上天草市,29902
43,43213,熊本県,宇城市,61878
43,43214,熊本県,阿蘇市,28444
43,43215,熊本県,天草市,89065
43,43216,熊本県,合志市,55002
43,43348,熊本県,美里町,11388
43,43364,熊本県,玉東町,5554
43,43367,熊本県,南関町,10564
43,43368,熊本県,長洲町,16594
43,43369,熊本県,和水町,11247
43,43403,熊本県,大津町,31234
43,43404,熊本県,菊陽町,37734
43,43423,熊本県,南小国町,4429
43,43424,熊本県,小国町,7877
43,43425,熊本県,産山村,1606
43,43428,熊本県,高森町,6716
43,43432,熊本県,西原村,6792
43,43433,熊本県,南阿蘇村,11972
43,43441,熊本県,御船町,17888
43,43442,熊本県,嘉島町,8676
43,43443,熊本県,益城町,32676
43,43444,熊本県,甲佐町,11181
43,43447,熊本県,山都町,16981
43,43468,熊本県,氷川町,12715
43,43482,熊本県,芦北町,19316
43,43484,熊本県,津奈木町,5062
43,43501,熊本県,錦町,11075
43,43505,熊本県,多良木町,10554
43,43506,熊本県,湯前町,4375
43,43507,熊本県,水上村,2405
43,43510,熊本県,相良村,4934
43,43511,熊本県,五木村,1205
43,43512,熊本県,山江村,3681
43,43513,熊本県,球磨村,4249
43,43514,熊本県,あさぎり町,16638
43,43531,熊本県,苓北町,8314
44,44201,大分県,大分市,474094
44,44202,大分県,別府市,125385
44,44203,大分県,中津市,84312
44,44204,大分県,日田市,70940
44,44205,大分県,佐伯市,76951
44,44206,大分県,臼杵市,41469
44,44207,大分県,津久見市,19917
44,44208,大分県,竹田市,24423
44,44209,大分県,豊後高田市,23906
44,44210,大分県,杵築市,32083
44,44211,大分県,宇佐市,59008
44,44212,大分県,豊後大野市,39452
44,44213,大分県,由布市,34702
44,44214,大分県,国東市,32002
44,44322,大分県,姫島村,2189
44,44341,大分県,日出町,28221
44,44461,大分県,九重町,10421
44,44462,大分県,玖珠町,17054
45,45201,宮崎県,宮崎市,400583
45,45202,宮崎県,都城市,169602
45,45203,宮崎県,延岡市,131182
45,45204,宮崎県,日南市,57689
45,45205,宮崎県,小林市,48270
45,45206,宮崎県,日向市,63223
45,45207,宮崎県,串間市,20453
45,45208,宮崎県,西都市,32614
45,45209,宮崎県,えびの市,21606
45,45341,宮崎県,三股町,24800
45,45361,宮崎県,高原町,10000
45,45382,宮崎県,国富町,20909
45,45383,宮崎県,綾町,7224
45,45401,宮崎県,高鍋町,21733
45,45402,宮崎県,新富町,18092
45,45403,宮崎県,西米良村,1241
45,45404,宮崎県,木城町,5177
45,45405,宮崎県,川南町,17009
45,45406,宮崎県,都農町,11137
45,45421,宮崎県,門川町,18854
45,45429,宮崎県,諸塚村,1882
45,45430,宮崎県,椎葉村,3092
45,45431,宮崎県,美郷町,6248
45,45441,宮崎県,高千穂町,13723
45,45442,宮崎県,日之影町,4463
45,45443,宮崎県,五ヶ瀬町,4427
46,46201,鹿児島県,鹿児島市,605846
46,46203,鹿児島県,鹿屋市,105070
46,46204,鹿児島県,枕崎市,23638
46,46206,鹿児島県,阿久根市,23154
46,46208,鹿児島県,出水市,55621
46,46210,鹿児島県,指宿市,44396
46,46213,鹿児島県,西之表市,16951
46,46214,鹿児島県,垂水市,17248
46,46215,鹿児島県,薩摩川内市,99589
46,46216,鹿児島県,日置市,50822
46,46217,鹿児島県,曽於市,39221
46,46218,鹿児島県,霧島市,127487
46,46219,鹿児島県,いちき串木野市,31144
46,46220,鹿児島県,南さつま市,38704
46,46221,鹿児島県,志布志市,33034
46,46222,鹿児島県,奄美市,46121
46,46223,鹿児島県,南九州市,39065
46,46224,鹿児島県,伊佐市,29304
46,46225,鹿児島県,姶良市,74809
46,46303,鹿児島県,三島村,418
46,46304,鹿児島県,十島村,657
46,46392,鹿児島県,さつま町,24109
46,46404,鹿児島県,長島町,11105
46,46452,鹿児島県,湧水町,11595
46,46468,鹿児島県,大崎町,14215
46,46482,鹿児島県,東串良町,6802
46,46490,鹿児島県,錦江町,8987
46,46491,鹿児島県,南大隅町,8815
46,46492,鹿児島県,肝付町,17160
46,46501,鹿児島県,中種子町,8696
46,46502,鹿児島県,南種子町,6218
46,46505,鹿児島県,屋久島町,13589
46,46523,鹿児島県,大和村,1765
46,46524,鹿児島県,宇検村,1932
46,46525,鹿児島県,瀬戸内町,9874
46,46527,鹿児島県,龍郷町,6078
46,46529,鹿児島県,喜界町,8169
46,46530,鹿児島県,徳之島町,12090
46,46531,鹿児島県,天城町,6653
46,46532,鹿児島県,伊仙町,6844
46,46533,鹿児島県,和泊町,7114
46,46534,鹿児島県,知名町,6806
46,46535,鹿児島県,与論町,5327
47,47201,沖縄県,那覇市,315954
47,47205,沖縄県,宜野湾市,91928
47,47207,沖縄県,石垣市,46922
47,47208,沖縄県,浦添市,110351
47,47209,沖縄県,名護市,60231
47,47210,沖縄県,糸満市,57320
47,47211,沖縄県,沖縄市,130249
47,47212,沖縄県,豊見城市,57261
47,47213,沖縄県,うるま市,116979
47,47214,沖縄県,宮古島市,52039
47,47215,沖縄県,南城市,39758
47,47301,沖縄県,国頭村,5188
47,47302,沖縄県,大宜味村,3221
47,47303,沖縄県,東村,1794
47,47306,沖縄県,今帰仁村,9257
47,47308,沖縄県,本部町,13870
47,47311,沖縄県,恩納村,10144
47,47313,沖縄県,宜野座村,5331
47,47314,沖縄県,金武町,11066
47,47315,沖縄県,伊江村,4737
47,47324,沖縄県,読谷村,38200
47,47325,沖縄県,嘉手納町,13827
47,47326,沖縄県,北谷町,27264
47,47327,沖縄県,北中城村,15951
47,47328,沖縄県,中城村,17680
47,47329,沖縄県,西原町,34766
47,47348,沖縄県,与那原町,16318
47,47350,沖縄県,南風原町,35244
47,47353,沖縄県,渡嘉敷村,760
47,47354,沖縄県,座間味村,865
47,47355,沖縄県,粟国村,863
47,47356,沖縄県,渡名喜村,452
47,47357,沖縄県,南大東村,1442
47,47358,沖縄県,北大東村,665
47,47359,沖縄県,伊平屋村,1385
47,47360,沖縄県,伊是名村,1589
47,47361,沖縄県,久米島町,8519
47,47362,沖縄県,八重瀬町,26681
47,47375,沖縄県,多良間村,1231
47,47381,沖縄県,竹富町,3859
47,47382,沖縄県,与那国町,1657
